name,datetime,tempmax,tempmin,temp,feelslikemax,feelslikemin,feelslike,dew,humidity,precip,precipprob,precipcover,preciptype,snow,snowdepth,windgust,windspeed,winddir,sealevelpressure,cloudcover,visibility,solarradiation,solarenergy,uvindex,severerisk,sunrise,sunset,moonphase,conditions,description,icon,stations
Birmingham,2023-11-29,3.8,-0.5,1.4,3.3,-0.5,1,-0.5,87.3,0,4.8,0,rain,0,0,12.6,9.2,351.6,1005.7,41.7,18.8,42.3,3.5,2,10,2023-11-29T07:52:10,2023-11-29T15:59:11,0.57,Partially cloudy,Partly cloudy throughout the day.,partly-cloudy-day,"EGBB,EGOS,EGNX,AU757"
Birmingham,2023-11-30,1.7,-1.6,-0.2,-0.6,-4.2,-2.6,-1.8,89.4,0,4.8,0,,0,0,27,11.2,23.6,1005.6,37.6,24.1,47.6,4.1,2,10,2023-11-30T07:53:40,2023-11-30T15:58:25,0.6,Partially cloudy,Partly cloudy throughout the day.,partly-cloudy-day,
Birmingham,2023-12-01,2.1,-1.6,0.1,-0.6,-4.2,-2.4,-1.9,86.1,0,0,0,,0,0,23.4,9.4,349.6,1009.3,35.5,24.1,43.2,3.8,2,10,2023-12-01T07:55:09,2023-12-01T15:57:42,0.63,Partially cloudy,Partly cloudy throughout the day.,partly-cloudy-day,
Birmingham,2023-12-02,1.7,-1.2,-0.2,1.7,-3.5,-1.8,-2.7,83.4,0,4.8,0,,0,0,15.1,6.8,248.4,1014.4,26.9,24.1,31.4,2.8,2,10,2023-12-02T07:56:35,2023-12-02T15:57:02,0.66,Partially cloudy,Becoming cloudy in the afternoon.,partly-cloudy-day,
Birmingham,2023-12-03,2.6,-0.3,1,1.3,-2.4,-0.5,-0.4,90.1,1.1,9.5,12.5,"rain,snow",0.1,0,18,7.6,209.9,1012.2,45,24.1,39.1,3.4,2,10,2023-12-03T07:57:59,2023-12-03T15:56:25,0.7,Partially cloudy,Clearing in the afternoon.,snow,
Birmingham,2023-12-04,2.2,-0.6,0.2,2.2,-0.6,0.2,-2.8,80.9,0,9.5,0,,0,0,5.8,4.7,71.6,1018.8,30.9,24.1,45.6,3.8,2,10,2023-12-04T07:59:22,2023-12-04T15:55:52,0.73,Partially cloudy,Partly cloudy throughout the day.,partly-cloudy-day,
Birmingham,2023-12-05,1.8,-1.1,0.2,-0.2,-3.2,-2.1,-4.3,72,0,19,0,,0,0,51.2,17.2,173.6,1022.2,62.9,24.1,42.8,3.8,2,10,2023-12-05T08:00:42,2023-12-05T15:55:22,0.75,Partially cloudy,Partly cloudy throughout the day.,partly-cloudy-day,
Birmingham,2023-12-06,9.9,2.3,5.8,6.1,-2.3,1.4,4.3,90.5,4.6,28.6,20.83,rain,0,0,77.2,37.6,174,1012.5,100,16.2,3.9,0.6,0,10,2023-12-06T08:01:59,2023-12-06T15:54:55,0.79,Overcast,Cloudy skies throughout the day.,cloudy,
Birmingham,2023-12-07,10.3,7.1,8.5,10.3,3.2,5.3,6,84.4,3.6,28.6,12.5,rain,0,0,77.8,37.8,204.9,1005.9,74,23.1,38,3,1,10,2023-12-07T08:03:15,2023-12-07T15:54:32,0.82,Partially cloudy,Partly cloudy throughout the day.,partly-cloudy-day,
Birmingham,2023-12-08,10,5.9,8.2,6.1,2.1,4.7,5.9,85.6,9.5,38.1,25,rain,0,0,73.8,36.7,213.9,994.4,62.9,21.4,34,2.7,1,10,2023-12-08T08:04:28,2023-12-08T15:54:12,0.86,Partially cloudy,Partly cloudy throughout the day.,partly-cloudy-day,
Birmingham,2023-12-09,11.5,6.6,8.5,11.5,2.9,5.3,5.9,83.9,3,33.3,20.83,rain,0,0,74.9,37.2,224,997.2,86.2,21.1,34,3,1,10,2023-12-09T08:05:38,2023-12-09T15:53:56,0.89,Partially cloudy,Partly cloudy throughout the day.,partly-cloudy-day,
Birmingham,2023-12-10,12.6,7.5,9.8,12.6,2.5,7,5.4,74.2,2.3,47.6,16.67,rain,0,0,82.1,44.3,229.3,989.9,95.4,23.6,26.5,2.4,1,10,2023-12-10T08:06:46,2023-12-10T15:53:43,0.92,"Rain, Overcast",Cloudy skies throughout the day with a chance of rain.,rain,
Birmingham,2023-12-11,10.3,7.7,9,10.3,2.5,5.4,4.9,75.6,0.8,52.4,25,rain,0,0,83.5,46.1,255.3,999,86.4,23.7,12.9,1.4,1,10,2023-12-11T08:07:51,2023-12-11T15:53:34,0.95,"Rain, Partially cloudy",Partly cloudy throughout the day with a chance of rain.,rain,
Birmingham,2023-12-12,12.3,6.7,10.2,12.3,3,9.4,7.6,83.8,0.6,52.4,16.67,rain,0,0,68.4,33.5,237.9,1018.3,100,24.1,7.9,0.6,0,10,2023-12-12T08:08:53,2023-12-12T15:53:28,0,"Rain, Overcast",Cloudy skies throughout the day with a chance of rain.,rain,
Birmingham,2023-12-13,11.8,10.2,10.9,11.8,10.2,10.9,7.6,79.7,0.1,38.1,4.17,rain,0,0,58.3,29.5,222,1022,100,24.1,24.5,2.1,1,10,2023-12-13T08:09:52,2023-12-13T15:53:26,0.02,Overcast,Cloudy skies throughout the day.,cloudy,
Cambridge,2023-11-29,2.6,-1.4,0.6,1.3,-4.3,-0.9,-0.9,89.7,0.1,100,4.17,rain,0,0,20.2,12.7,301.7,1005.3,29.6,18.7,39.7,3.3,2,10,2023-11-29T07:42:50,2023-11-29T15:52:22,0.57,"Rain, Partially cloudy",Partly cloudy throughout the day with early morning rain.,rain,"EGSS,EGGW,EGSC,C7079,EGUL,EGUN"
Cambridge,2023-11-30,3.7,-1.5,0.3,0.9,-3.7,-1.8,-0.5,94.3,0,14.3,0,,0,0,21.2,10.8,7.7,1004.5,54.8,24.1,48.6,4.4,2,10,2023-11-30T07:44:19,2023-11-30T15:51:37,0.6,Partially cloudy,Clearing in the afternoon.,partly-cloudy-day,
Cambridge,2023-12-01,3.3,-1.1,0.6,-0.5,-4,-2.4,-0.6,91.7,0,14.3,0,rain,0,0,28.1,15.5,343.8,1006.9,46.6,24.1,47.3,4.1,2,10,2023-12-01T07:45:47,2023-12-01T15:50:55,0.63,Partially cloudy,Partly cloudy throughout the day.,partly-cloudy-day,
Cambridge,2023-12-02,2.3,-0.9,0.2,-0.5,-4.5,-2.6,-1.9,85.6,0,9.5,0,,0,0,19.8,11.2,295.1,1013.8,27.7,24.1,38.1,3.3,2,10,2023-12-02T07:47:13,2023-12-02T15:50:16,0.66,Partially cloudy,Partly cloudy throughout the day.,partly-cloudy-day,
Cambridge,2023-12-03,3.8,-0.7,1,2,-2.9,-1.8,-0.7,88.4,2.6,9.5,16.67,"rain,snow",0,0,27.4,15.1,195.3,1013,59.5,24.1,44.7,3.8,2,10,2023-12-03T07:48:36,2023-12-03T15:49:40,0.7,Partially cloudy,Partly cloudy throughout the day.,partly-cloudy-day,
Cambridge,2023-12-04,2.6,-0.9,0.1,1.2,-3.1,-1.5,-2.3,84.6,0,4.8,0,,0,0,7.1,7.1,330.2,1018.5,18.6,24.1,46.8,3.9,2,10,2023-12-04T07:49:58,2023-12-04T15:49:07,0.73,Clear,Clear conditions throughout the day.,clear-day,
Cambridge,2023-12-05,3,-0.8,0.3,1.2,-4.1,-2.3,-2.5,81.1,0,19,0,,0,0,34.3,13.6,214.9,1022.8,51.6,24.1,44.6,3.9,2,10,2023-12-05T07:51:17,2023-12-05T15:48:38,0.75,Partially cloudy,Becoming cloudy in the afternoon.,partly-cloudy-day,
Cambridge,2023-12-06,7.6,0.8,4.3,2.9,-3.4,-0.6,1.6,82.6,3.3,19,8.33,rain,0,0,74.9,37.7,175.9,1016.9,100,22.1,6.6,0.6,0,10,2023-12-06T07:52:34,2023-12-06T15:48:12,0.79,Overcast,Cloudy skies throughout the day.,cloudy,
Cambridge,2023-12-07,10.2,7.6,8.9,10.2,3.4,5.6,6.7,86.2,4.5,23.8,20.83,rain,0,0,76.7,39.2,199.8,1008.7,85.1,19.3,39.6,3.3,2,10,2023-12-07T07:53:49,2023-12-07T15:47:49,0.82,Partially cloudy,Partly cloudy throughout the day.,partly-cloudy-day,
Cambridge,2023-12-08,11.2,7,9.6,11.2,3,8.1,7.1,84.3,10.5,38.1,20.83,rain,0,0,76,37.1,214.9,996.7,69.9,21.4,21.8,2,1,10,2023-12-08T07:55:01,2023-12-08T15:47:30,0.86,Partially cloudy,Partly cloudy throughout the day.,partly-cloudy-day,
Cambridge,2023-12-09,11.1,6.7,8.7,11.1,2.5,5.5,6.2,84.2,1.8,28.6,16.67,rain,0,0,71.2,38.2,223.5,999.4,86.8,22.4,28.4,2.1,1,10,2023-12-09T07:56:11,2023-12-09T15:47:14,0.89,Partially cloudy,Partly cloudy throughout the day.,partly-cloudy-day,
Cambridge,2023-12-10,13.8,7.7,11,13.8,2.7,9.4,7,76.7,4.4,38.1,16.67,rain,0,0,77.9,42.4,230.5,991.8,86.4,24.1,25.4,2.1,1,10,2023-12-10T07:57:18,2023-12-10T15:47:02,0.92,Partially cloudy,Partly cloudy throughout the day.,partly-cloudy-day,
Cambridge,2023-12-11,10.3,7.5,9.1,10.3,2.2,5.8,4.9,74.8,0.3,57.1,12.5,rain,0,0,83.5,46.1,248,999.5,71.1,24.1,12.6,1.2,1,10,2023-12-11T07:58:23,2023-12-11T15:46:53,0.95,"Rain, Partially cloudy",Partly cloudy throughout the day with a chance of rain.,rain,
Cambridge,2023-12-12,12.2,8,10.5,12.2,4.3,9.2,7.9,83.6,0.9,57.1,16.67,rain,0,0,70.9,39.2,240.2,1019.7,90.7,24.1,4.5,0.6,0,10,2023-12-12T07:59:24,2023-12-12T15:46:48,0,"Rain, Overcast",Cloudy skies throughout the day with a chance of rain.,rain,
Cambridge,2023-12-13,12.4,10.5,11.4,12.4,10.5,11.4,7.8,78.3,0,47.6,0,rain,0,0,60.5,33.5,227.2,1023.8,98.1,24.1,31.6,2.4,1,10,2023-12-13T08:00:23,2023-12-13T15:46:46,0.02,"Rain, Overcast",Cloudy skies throughout the day with a chance of rain.,rain,
Norwich,2023-11-29,3.6,-0.6,1.2,0.9,-3.2,-1.6,-0.1,91.3,0,4.8,0,,0,0,33.5,22.3,280.4,1004.3,51.5,17.3,34,2.9,2,10,2023-11-29T07:40:02,2023-11-29T15:45:42,0.57,Partially cloudy,Partly cloudy throughout the day.,partly-cloudy-day,"EGUW,EGYM,F0155,EGSH,EGUL,EGUN"
Norwich,2023-11-30,4.6,-1.4,1,2.1,-3.2,-0.9,-0.9,87.5,0,42.9,0,snow,0,0,20.2,11.5,1.7,1004.1,26.1,24.1,47.3,4.1,2,10,2023-11-30T07:41:32,2023-11-30T15:44:56,0.6,Partially cloudy,Partly cloudy throughout the day.,partly-cloudy-day,
Norwich,2023-12-01,4.6,0.2,1.5,2.1,-2.6,-1.1,-0.9,84.3,0,76.2,0,"rain,snow",0,0,28.4,16.2,356.5,1005.9,35.5,24,44.7,3.9,2,10,2023-12-01T07:43:01,2023-12-01T15:44:12,0.63,"Snow, Rain, Partially cloudy",Partly cloudy throughout the day with a chance of rain or snow.,rain,
Norwich,2023-12-02,4.1,-1.1,1.3,0.5,-4.2,-2,-0.4,89,0,76.2,0,"rain,snow",0,0,27.4,15.5,298,1012.5,40.5,24.1,42.7,3.7,2,10,2023-12-02T07:44:28,2023-12-02T15:43:32,0.66,"Snow, Rain, Partially cloudy",Partly cloudy throughout the day with a chance of rain or snow.,rain,
Norwich,2023-12-03,3.2,-1.3,0.5,0.9,-4.3,-1.8,-1.1,88.9,1.2,38.1,4.17,rain,0,0,26.3,8.6,217.7,1013.3,48.5,24.1,44.1,3.8,2,10,2023-12-03T07:45:53,2023-12-03T15:42:55,0.7,Partially cloudy,Partly cloudy throughout the day.,partly-cloudy-day,
Norwich,2023-12-04,3.3,-0.3,1.1,0.7,-3.2,-1.7,-0.9,86.5,0,28.6,0,,0,0,14.4,10.8,302,1018,29.8,24.1,44.4,4.2,2,10,2023-12-04T07:47:16,2023-12-04T15:42:21,0.73,Partially cloudy,Partly cloudy throughout the day.,partly-cloudy-day,
Norwich,2023-12-05,3.1,0.3,1.5,0.8,-3.2,-1.2,-0.8,84.6,0,33.3,0,,0,0,25.1,11.8,258.7,1022.7,65.8,24.1,40.4,3.8,2,10,2023-12-05T07:48:36,2023-12-05T15:41:50,0.75,Partially cloudy,Clearing in the afternoon.,partly-cloudy-day,
Norwich,2023-12-06,6.1,0.8,3.9,1,-2.9,-0.9,0.4,77.9,2,33.3,8.33,rain,0,0,73.9,36.4,184.1,1018.5,99.8,24.1,4.4,0.6,0,10,2023-12-06T07:49:54,2023-12-06T15:41:23,0.79,Overcast,Cloudy skies throughout the day.,cloudy,
Norwich,2023-12-07,9.8,6.3,7.9,6.6,1.2,4,5.9,87,4.7,28.6,16.67,rain,0,0,77.8,40,199.1,1009.8,85.8,22.6,37.1,3,2,10,2023-12-07T07:51:10,2023-12-07T15:41:00,0.82,Partially cloudy,Partly cloudy throughout the day.,partly-cloudy-day,
Norwich,2023-12-08,11.6,6.6,9.5,11.6,2.7,8,7.1,84.9,5.2,42.9,16.67,rain,0,0,78.5,41.8,209.1,997.3,80.6,22.1,12.6,1.2,0,10,2023-12-08T07:52:23,2023-12-08T15:40:40,0.86,Partially cloudy,Partly cloudy throughout the day.,partly-cloudy-day,
Norwich,2023-12-09,9.2,6.3,7.9,5.4,2.1,4.1,5.6,85.8,0.9,42.9,4.17,rain,0,0,70.1,37.1,220.6,999.4,73.5,21.8,21.3,1.8,1,10,2023-12-09T07:53:34,2023-12-09T15:40:23,0.89,Partially cloudy,Partly cloudy throughout the day.,partly-cloudy-day,
Norwich,2023-12-10,13.4,7.7,10.9,13.4,2.8,9.4,7,77.2,7.1,42.9,16.67,rain,0,0,77.2,41.8,229.1,991.8,85.6,22.7,26.3,2.1,1,10,2023-12-10T07:54:42,2023-12-10T15:40:10,0.92,Partially cloudy,Partly cloudy throughout the day.,partly-cloudy-day,
Norwich,2023-12-11,10.1,7.4,9,10.1,2.1,5,4.6,73.9,0.2,61.9,8.33,rain,0,0,82.4,45.7,247.6,998.5,71.3,24.1,10,0.6,0,10,2023-12-11T07:55:47,2023-12-11T15:40:00,0.95,"Rain, Partially cloudy",Partly cloudy throughout the day with a chance of rain.,rain,
Norwich,2023-12-12,11.3,7.7,9.9,11.3,3.5,8.1,7.4,84.1,1.5,61.9,16.67,rain,0,0,70.6,38.5,243,1018.9,94.8,23.6,7.3,0.6,0,10,2023-12-12T07:56:50,2023-12-12T15:39:54,0,"Rain, Overcast",Cloudy skies throughout the day with a chance of rain.,rain,
Norwich,2023-12-13,12,10.2,11.2,12,10.2,11.2,7.8,79.6,0.3,57.1,8.33,rain,0,0,61.6,31.7,230,1023.6,99.6,24.1,29.5,2.7,1,10,2023-12-13T07:57:49,2023-12-13T15:39:52,0.02,"Rain, Overcast",Cloudy skies throughout the day with a chance of rain.,rain,
Corfe Castle,2023-11-29,7.7,1.2,4.8,5.5,0,2.6,2.6,85.5,0.1,100,4.17,rain,0,0,37.1,26.3,48.2,1004.7,83.5,18.6,27.1,2.2,2,10,2023-11-29T07:44:31,2023-11-29T16:08:02,0.57,"Rain, Partially cloudy",Partly cloudy throughout the day with afternoon rain.,rain,"EGHH,EGDY,F0344,EGDM,EGVP"
Corfe Castle,2023-11-30,4.8,2.8,3.8,-0.5,-2.6,-1.6,1,82,1.6,100,45.83,"rain,snow",0.4,0.2,50.8,35.3,41.3,1001.8,95.8,13.6,6,0.5,0,10,2023-11-30T07:45:55,2023-11-30T16:07:22,0.6,"Snow, Rain, Overcast",Cloudy skies throughout the day with a chance of rain or snow throughout the day.,snow,
Corfe Castle,2023-12-01,4.6,2.2,3.2,0.1,-3.3,-2,0.7,84.3,0,71.4,0,rain,0,0.2,47.9,32.8,13.5,1007,25.9,24.1,54.4,4.7,3,10,2023-12-01T07:47:18,2023-12-01T16:06:44,0.63,"Rain, Partially cloudy",Partly cloudy throughout the day with a chance of rain.,rain,
Corfe Castle,2023-12-02,8.4,2.5,4.7,5.3,-1.6,1.7,0.3,73.6,0.1,47.6,4.17,rain,0,0.1,30,20,305.7,1015.3,28.6,23.5,39.9,3.3,2,10,2023-12-02T07:48:39,2023-12-02T16:06:09,0.66,"Rain, Partially cloudy",Partly cloudy throughout the day with a chance of rain.,rain,
Corfe Castle,2023-12-03,9.8,1.3,6.7,7.8,-0.6,4.5,3.3,78.9,4.8,47.6,20.83,rain,0,0.1,43.9,31.3,247.8,1013.1,65.5,24.1,52.8,4.6,3,10,2023-12-03T07:49:59,2023-12-03T16:05:37,0.7,"Rain, Partially cloudy",Partly cloudy throughout the day with early morning rain.,rain,
Corfe Castle,2023-12-04,4.8,0.4,1.6,1.3,-3.3,-1.8,-0.7,84.9,0,42.9,0,,0,0.1,23,15.8,47.3,1017.5,31.8,24.1,52.9,4.2,2,10,2023-12-04T07:51:16,2023-12-04T16:05:09,0.73,Partially cloudy,Partly cloudy throughout the day.,partly-cloudy-day,
Corfe Castle,2023-12-05,5.6,-0.2,2.8,3.7,-2.9,0,-0.8,77.6,0.2,38.1,4.17,rain,0,0,39.7,23.2,135.2,1022.1,70.7,23.8,33.1,2.7,2,10,2023-12-05T07:52:31,2023-12-05T16:04:44,0.75,Partially cloudy,Becoming cloudy in the afternoon.,partly-cloudy-day,
Corfe Castle,2023-12-06,10.7,5.8,8.5,10.7,1.4,5.2,6.2,85.6,3.5,52.4,8.33,rain,0,0,76.2,47.3,185.3,1015.9,100,22.8,16.9,1.5,1,10,2023-12-06T07:53:45,2023-12-06T16:04:21,0.79,"Rain, Overcast",Cloudy skies throughout the day with a chance of rain.,rain,
Corfe Castle,2023-12-07,11.6,9.9,10.8,11.6,6.6,10.7,8.4,85.3,5.5,57.1,20.83,rain,0,0,78.1,49.3,221.8,1009.9,89.7,22,40.5,3.8,2,10,2023-12-07T07:54:56,2023-12-07T16:04:02,0.82,"Rain, Partially cloudy",Partly cloudy throughout the day with a chance of rain.,rain,
Corfe Castle,2023-12-08,12.2,8.2,10.2,12.2,4.6,8.7,7.6,84,23.4,57.1,25,rain,0,0,79.9,48.6,230.6,998.8,60.2,21.8,28.5,2.6,1,10,2023-12-08T07:56:05,2023-12-08T16:03:46,0.86,"Rain, Partially cloudy",Partly cloudy throughout the day with a chance of rain throughout the day.,rain,
Corfe Castle,2023-12-09,12.9,8.5,10,12.9,4.7,8.2,7.7,85.6,5,57.1,12.5,rain,0,0,77.6,47,239.2,1002.4,67.9,20.2,32.6,2.7,1,10,2023-12-09T07:57:12,2023-12-09T16:03:34,0.89,"Rain, Partially cloudy",Partly cloudy throughout the day with early morning rain.,rain,
Corfe Castle,2023-12-10,13.4,9.4,11.6,13.4,4.9,10.5,8.3,80.3,2.5,47.6,16.67,rain,0,0,78.1,49,241.8,996.8,82.5,24.1,27,2.1,1,10,2023-12-10T07:58:16,2023-12-10T16:03:24,0.92,"Rain, Partially cloudy",Partly cloudy throughout the day with a chance of rain.,rain,
Corfe Castle,2023-12-11,11.2,9,9.9,11.2,4.4,7.3,5.9,76.2,0.3,66.7,12.5,rain,0,0,75.6,45.7,263,1005.8,57.1,24.1,36.9,3.5,2,10,2023-12-11T07:59:18,2023-12-11T16:03:18,0.95,"Rain, Partially cloudy",Partly cloudy throughout the day with a chance of rain.,rain,
Corfe Castle,2023-12-12,12,8.3,10.9,12,4.9,10,8.9,87.6,0.1,66.7,4.17,rain,0,0,58.3,36.7,246.1,1024.1,97.5,24.1,4.8,0.6,0,10,2023-12-12T08:00:17,2023-12-12T16:03:16,0,"Rain, Overcast",Cloudy skies throughout the day with a chance of rain.,rain,
Corfe Castle,2023-12-13,12.8,11.5,12.1,12.8,11.5,12.1,8.4,78.3,0.3,57.1,12.5,rain,0,0,55.1,30.6,230.9,1027,100,24.1,23.8,2.3,1,10,2023-12-13T08:01:14,2023-12-13T16:03:16,0.02,"Rain, Overcast",Cloudy skies throughout the day with a chance of rain.,rain,
The Cotswolds,2023-11-29,17.9,12.2,15.9,17.9,12.2,15.9,14.2,89.9,10.5,100,83.33,rain,0,0,63,46.2,151.5,1007.2,94.8,8.5,55.7,4.7,4,10,2023-11-29T05:54:20,2023-11-29T20:24:17,0.55,"Rain, Overcast",Cloudy skies throughout the day with a chance of rain throughout the day.,rain,"YMAV,YMML,E1620,remote"
The Cotswolds,2023-11-30,14,11,12.2,14,11,12.2,10.4,89.1,1.6,57.1,25,rain,0,0,52.6,26.6,161.9,1011,100,17.9,54.2,4.7,2,10,2023-11-30T05:54:03,2023-11-30T20:25:16,0.59,"Rain, Overcast",Cloudy skies throughout the day with morning rain.,rain,
The Cotswolds,2023-12-01,13.1,10.9,12,13.1,10.9,12,11.3,95.7,1.2,57.1,50,rain,0,0,31.3,16.9,173.6,1010.5,100,3.5,46.6,3.8,2,10,2023-12-01T05:53:47,2023-12-01T20:26:14,0.62,"Rain, Overcast",Cloudy skies throughout the day with rain clearing later.,rain,
The Cotswolds,2023-12-02,17.4,10,12.8,17.4,8.2,12.8,10.3,86.3,1.4,81,50,rain,0,0,32,21.2,179.1,1011.8,74.6,13,166.4,14.3,7,10,2023-12-02T05:53:34,2023-12-02T20:27:12,0.65,"Rain, Partially cloudy",Partly cloudy throughout the day with rain clearing later.,rain,
The Cotswolds,2023-12-03,19.7,9.4,14,19.7,8,13.8,9.8,77.5,0.2,9.5,8.33,rain,0,0,25.6,18.7,193.7,1015.2,48.6,24,283.5,24.6,9,10,2023-12-03T05:53:23,2023-12-03T20:28:08,0.68,Partially cloudy,Partly cloudy throughout the day.,partly-cloudy-day,
The Cotswolds,2023-12-04,28.9,10,19.2,27.4,10,19,7.6,54.6,0,4.8,0,,0,0,18.7,13.7,308.3,1013.5,38.9,24.1,407,35.3,10,10,2023-12-04T05:53:14,2023-12-04T20:29:04,0.71,Partially cloudy,Partly cloudy throughout the day.,partly-cloudy-day,
The Cotswolds,2023-12-05,33.8,15.2,23.1,31.5,15.2,22.4,6.7,38.5,0,4.8,0,,0,0,49,25.6,301.3,1009.3,54.7,24.1,338.9,29.4,10,10,2023-12-05T05:53:07,2023-12-05T20:29:59,0.75,Partially cloudy,Partly cloudy throughout the day.,partly-cloudy-day,
The Cotswolds,2023-12-06,21.4,9.3,14.2,21.4,7.5,14.1,6.6,63.2,0,0,0,,0,0,42.1,23.8,198.7,1017.2,67.6,24.1,381.4,33.2,10,10,2023-12-06T05:53:02,2023-12-06T20:30:52,0.78,Partially cloudy,Partly cloudy throughout the day.,partly-cloudy-day,
The Cotswolds,2023-12-07,26,7,15.5,26,7,15.3,4.9,57.5,0,0,0,,0,0,27.4,18,190.8,1015,81.5,24.1,387.4,33.6,10,10,2023-12-07T05:52:59,2023-12-07T20:31:45,0.81,Partially cloudy,Partly cloudy throughout the day.,partly-cloudy-day,
The Cotswolds,2023-12-08,23.8,10,15.4,23.8,10,15.4,6,57.8,0,28.6,0,,0,0,26.3,20.2,210.7,1010.3,59.8,24.1,323.5,28.4,9,10,2023-12-08T05:52:58,2023-12-08T20:32:36,0.84,Partially cloudy,Partly cloudy throughout the day.,partly-cloudy-day,
The Cotswolds,2023-12-09,21.4,6.9,12.5,21.4,3.8,11.5,5.4,64.8,1.2,19,8.33,rain,0,0,63.7,36.7,283.9,1002.1,67.3,23.3,234.8,20.6,9,10,2023-12-09T05:53:00,2023-12-09T20:33:26,0.87,Partially cloudy,Partly cloudy throughout the day.,partly-cloudy-day,
The Cotswolds,2023-12-10,14.9,5.6,10,14.9,2.4,8.4,2,59.8,1.8,9.5,20.83,rain,0,0,46.4,34.2,237.1,1008.1,52,23.6,258.8,22.2,6,10,2023-12-10T05:53:03,2023-12-10T20:34:15,0.91,Partially cloudy,Partly cloudy throughout the day.,partly-cloudy-day,
The Cotswolds,2023-12-11,18.2,6.7,11.9,18.2,4.2,10.8,3,56.6,0.1,9.5,4.17,rain,0,0,36.8,20.9,186.1,1021,18.1,24.1,394.2,33.6,10,10,2023-12-11T05:53:09,2023-12-11T20:35:03,0.94,Clear,Clear conditions throughout the day.,clear-day,
The Cotswolds,2023-12-12,29.2,7.4,18.1,27.5,6.1,17.5,4.2,48.9,0,14.3,0,,0,0,23.4,20.2,328.2,1020.9,45.6,24.1,387.5,33.2,10,10,2023-12-12T05:53:17,2023-12-12T20:35:49,0.97,Partially cloudy,Clearing in the afternoon.,partly-cloudy-day,
The Cotswolds,2023-12-13,32.3,15.7,22.5,30,15.7,22,3.7,31.3,0,14.3,0,,0,0,42.8,25.2,295,1015.3,48.9,24.1,359.3,31.2,10,10,2023-12-13T05:53:27,2023-12-13T20:36:34,0,Partially cloudy,Partly cloudy throughout the day.,partly-cloudy-day,
Oxford,2023-11-29,3.6,-0.4,1.5,3.1,-0.4,1.2,0.1,90.8,0,4.8,0,,0,0,14,6.9,21.5,1005.5,83.1,17.9,25,2.2,1,10,2023-11-29T07:46:15,2023-11-29T15:59:56,0.57,Partially cloudy,Partly cloudy throughout the day.,partly-cloudy-day,"EGWU,E7521,EGTK,EGVN,EGVO,EGVA,EGUB"
Oxford,2023-11-30,2.7,-1.1,0.2,-0.6,-4.9,-3,-1.1,91,0,4.8,0,,0,0,27.4,13.3,33,1004.4,69.2,24.1,42.7,3.6,2,10,2023-11-30T07:47:43,2023-11-30T15:59:12,0.6,Partially cloudy,Partly cloudy throughout the day.,partly-cloudy-day,
Oxford,2023-12-01,2.5,-1.1,0.3,-1,-4.8,-3.2,-1.2,89.4,0,4.8,0,,0,0,26.6,13,353.2,1008,42.2,24.1,49.5,4.3,2,10,2023-12-01T07:49:09,2023-12-01T15:58:31,0.63,Partially cloudy,Partly cloudy throughout the day.,partly-cloudy-day,
Oxford,2023-12-02,1.9,-1.2,0.2,1.3,-3.2,-1.4,-2.5,82.5,0,14.3,0,snow,0,0,18.7,9.4,285.4,1014.9,23.6,24.1,32.6,2.8,2,10,2023-12-02T07:50:33,2023-12-02T15:57:53,0.66,Partially cloudy,Partly cloudy throughout the day.,partly-cloudy-day,
Oxford,2023-12-03,5.3,-0.4,1.6,3.5,-1.8,0.4,-0.1,88.7,2.1,14.3,16.67,"rain,snow",0,0,22.3,8.3,203.7,1013,60,24.1,47.8,4.1,2,10,2023-12-03T07:51:56,2023-12-03T15:57:19,0.7,Partially cloudy,Partly cloudy throughout the day.,partly-cloudy-day,
Oxford,2023-12-04,2.9,-1.4,-0.2,0.6,-3.2,-1.3,-2.2,86.2,0,9.5,0,,0,0,10.8,9,48.3,1018.5,29.2,24.1,47.9,3.9,2,10,2023-12-04T07:53:16,2023-12-04T15:56:47,0.73,Partially cloudy,Partly cloudy throughout the day.,partly-cloudy-day,
Oxford,2023-12-05,3,-1.6,0.2,0.9,-3.3,-1.5,-2.7,81.3,0,19,0,,0,0,40.2,12.6,161.5,1022.8,65.2,24.1,46.9,3.9,2,10,2023-12-05T07:54:34,2023-12-05T15:56:19,0.75,Partially cloudy,Partly cloudy throughout the day.,partly-cloudy-day,
Oxford,2023-12-06,8.9,1.2,5.2,4.7,-2.7,0.6,3.4,88.2,3.3,28.6,12.5,rain,0,0,73.7,37.7,173.4,1015.5,100,21.9,7,0.6,0,10,2023-12-06T07:55:50,2023-12-06T15:55:54,0.79,Overcast,Cloudy skies throughout the day.,cloudy,
Oxford,2023-12-07,10.5,8.1,9.2,10.5,4.7,6.3,7.2,87.4,6,28.6,16.67,rain,0,0,74.9,39.2,206.2,1008.5,94.2,20.5,40.3,3.5,2,10,2023-12-07T07:57:04,2023-12-07T15:55:33,0.82,Overcast,Cloudy skies throughout the day.,cloudy,
Oxford,2023-12-08,11.4,6.7,9.1,11.4,2.6,6.3,6.8,85.8,13.9,42.9,33.33,rain,0,0,76,42.5,219.8,996.9,74.8,21.3,31.3,3,2,10,2023-12-08T07:58:15,2023-12-08T15:55:15,0.86,Partially cloudy,Partly cloudy throughout the day.,partly-cloudy-day,
Oxford,2023-12-09,11.9,7,8.9,11.9,2.6,5.4,6.8,86.9,3.4,33.3,16.67,rain,0,0,77.8,42.1,227.2,999.8,97.4,21.7,35.6,3.2,2,10,2023-12-09T07:59:24,2023-12-09T15:55:00,0.89,Overcast,Cloudy skies throughout the day.,cloudy,
Oxford,2023-12-10,13.2,7.2,10.4,13.2,2.3,8.5,6.9,78.7,3.2,42.9,20.83,rain,0,0,74.5,41.4,234,993.5,93.5,24.1,26.8,2.1,1,10,2023-12-10T08:00:30,2023-12-10T15:54:49,0.92,Overcast,Cloudy skies throughout the day.,cloudy,
Oxford,2023-12-11,9.9,7.1,8.9,6.1,1.7,4.6,5,76.8,0.4,52.4,16.67,rain,0,0,81.7,46.1,253.7,1001.8,74.6,24.1,14.4,1.2,1,10,2023-12-11T08:01:34,2023-12-11T15:54:41,0.95,"Rain, Partially cloudy",Partly cloudy throughout the day with late afternoon rain.,rain,
Oxford,2023-12-12,11.7,7.2,10.4,11.7,3.5,9.1,8.1,86.1,0.3,52.4,4.17,rain,0,0,65.2,34.9,240,1021,100,22.9,3.4,0.3,0,10,2023-12-12T08:02:35,2023-12-12T15:54:36,0,"Rain, Overcast",Cloudy skies throughout the day with a chance of rain.,rain,
Oxford,2023-12-13,12.2,10,11,12.2,6.7,10.7,7.6,79.8,0.1,47.6,4.17,rain,0,0,57.6,29.2,224.6,1024.8,100,24.1,31,2.4,1,10,2023-12-13T08:03:33,2023-12-13T15:54:35,0.02,"Rain, Overcast",Cloudy skies throughout the day with a chance of rain.,rain,
Stonehenge,2023-11-29,21.2,11.3,16.6,21.2,11.3,16.6,12,76.6,5.2,100,33.33,rain,0,0,47.9,23,324.9,1008.1,53.4,20.1,305.5,26.5,9,30,2023-11-29T05:45:10,2023-11-29T19:37:26,0.55,"Rain, Partially cloudy",Partly cloudy throughout the day with storms possible.,rain,remote
Stonehenge,2023-11-30,22.7,10.2,16.4,22.7,10.2,16.4,6.7,55.8,0,0,0,,0,0,50.8,29.2,276,1006.7,8.4,24.1,387.9,33.7,10,10,2023-11-30T05:45:03,2023-11-30T19:38:15,0.59,Clear,Clear conditions throughout the day.,clear-day,
Stonehenge,2023-12-01,25.3,11,16.8,25.3,11,16.8,7.5,57.5,0,28.6,0,,0,0,46.4,24.5,290.3,1008.2,64.4,24.1,256.3,22.3,10,10,2023-12-01T05:44:58,2023-12-01T19:39:03,0.62,Partially cloudy,Partly cloudy throughout the day.,partly-cloudy-day,
Stonehenge,2023-12-02,19.6,11.2,15.3,19.6,11.2,15.3,12.9,86.1,4.7,57.1,41.67,rain,0,0,32.4,18,275,1011.1,54.3,21.7,182.1,15.7,8,10,2023-12-02T05:44:54,2023-12-02T19:39:51,0.65,"Rain, Partially cloudy",Partly cloudy throughout the day with rain in the morning and afternoon.,rain,
Stonehenge,2023-12-03,26.8,12.5,18.9,26.5,12.5,18.8,8.4,56.3,0,23.8,0,,0,0,37.4,23.8,266.4,1011.7,62.3,24.1,304.8,26.2,10,10,2023-12-03T05:44:52,2023-12-03T19:40:38,0.68,Partially cloudy,Partly cloudy throughout the day.,partly-cloudy-day,
Stonehenge,2023-12-04,26,10.8,17.7,26,10.8,17.7,5.9,58.4,0.1,4.8,4.17,rain,0,0,33.8,15.8,184.6,1013.5,13.8,21,438,37.7,10,10,2023-12-04T05:44:52,2023-12-04T19:41:25,0.71,Clear,Clear conditions throughout the day.,clear-day,
Stonehenge,2023-12-05,28.3,11.6,19.1,27,11.6,18.9,9.1,61.1,0,4.8,0,,0,0,24.1,10.7,147.8,1014.8,13.8,23,384.8,33.3,10,10,2023-12-05T05:44:54,2023-12-05T19:42:12,0.75,Clear,Clear conditions throughout the day.,clear-day,
Stonehenge,2023-12-06,32.7,13.6,23,30.5,13.6,22.3,7.9,43.7,0,4.8,0,,0,0,21.6,15.8,173.6,1014.8,10.8,24.1,361,30.9,10,10,2023-12-06T05:44:57,2023-12-06T19:42:58,0.78,Clear,Clear conditions throughout the day.,clear-day,
Stonehenge,2023-12-07,32.5,15.9,23.5,30.4,15.9,22.8,9.4,45.7,0,4.8,0,,0,0,27,18.4,235.1,1014.1,12.8,24.1,363.4,30.9,10,10,2023-12-07T05:45:02,2023-12-07T19:43:43,0.81,Clear,Clear conditions throughout the day.,clear-day,
Stonehenge,2023-12-08,34.4,15.1,24.3,31.9,15.1,23.5,8.9,46.9,0,9.5,0,,0,0,27.4,16.9,243.7,1012.3,32.3,24.1,351.9,30.3,10,10,2023-12-08T05:45:08,2023-12-08T19:44:27,0.84,Partially cloudy,Becoming cloudy in the afternoon.,partly-cloudy-day,
Stonehenge,2023-12-09,32.7,17.6,24,30.6,17.6,23.4,9.3,42.4,0,9.5,0,,0,0,35.3,22.7,290.5,1007.9,79.6,24.1,275.6,23.7,10,10,2023-12-09T05:45:17,2023-12-09T19:45:11,0.87,Partially cloudy,Partly cloudy throughout the day.,partly-cloudy-day,
Stonehenge,2023-12-10,28.8,12.5,21.5,27.4,12.5,21.3,7.3,42.5,0.1,38.1,4.17,rain,0,0,53.6,31.7,285,1004.1,44.9,24.1,298.4,25.8,9,10,2023-12-10T05:45:27,2023-12-10T19:45:54,0.91,Partially cloudy,Partly cloudy throughout the day.,partly-cloudy-day,
Stonehenge,2023-12-11,23.9,8,15,23.9,5.2,14.4,1.5,42.9,0,33.3,0,,0,0,42.8,20.9,105.8,1012.7,0,24.1,399.3,35.3,10,10,2023-12-11T05:45:38,2023-12-11T19:46:36,0.94,Clear,Clear conditions throughout the day.,clear-day,
Stonehenge,2023-12-12,22.6,5.7,13.6,22.6,2.1,12.4,4.7,60.9,0,42.9,0,,0,0,43.2,22.7,99.4,1019.9,3.7,24.1,396.8,34,10,10,2023-12-12T05:45:52,2023-12-12T19:47:17,0.97,Clear,Clear conditions throughout the day.,clear-day,
Stonehenge,2023-12-13,28,6.8,16.2,26.7,4.7,15.3,5.3,58.9,0,47.6,0,rain,0,0,34.2,15,124.6,1018,11.2,24.1,394.4,34.3,10,10,2023-12-13T05:46:07,2023-12-13T19:47:57,0,Rain,Clear conditions throughout the day with a chance of rain.,rain,
Bristol,2023-11-29,3.7,-0.1,2.1,3.2,-1.5,1.1,0.9,91.7,0,33.3,0,,0,0,11.9,8.8,65,1005.2,90.1,18.1,33.3,2.9,2,10,2023-11-29T07:50:14,2023-11-29T16:06:37,0.57,Overcast,Cloudy skies throughout the day.,cloudy,"EGFF,EGDY,D9855,EGVA,EGGD"
Bristol,2023-11-30,2.4,-0.9,0.2,-1.5,-5.4,-3.6,-1.6,87.6,0,38.1,0,,0,0,32.4,18.7,42.7,1004.1,81.3,24.1,32.3,2.8,2,10,2023-11-30T07:51:41,2023-11-30T16:05:54,0.6,Partially cloudy,Partly cloudy throughout the day.,partly-cloudy-day,
Bristol,2023-12-01,2.2,-1.2,0.1,0.1,-5.2,-3.2,-1.7,87.7,0,9.5,0,,0,0,28.4,16.6,6.6,1008.8,46,24.1,50.8,4.3,2,10,2023-12-01T07:53:06,2023-12-01T16:05:14,0.63,Partially cloudy,Partly cloudy throughout the day.,partly-cloudy-day,
Bristol,2023-12-02,2.9,-2,0.2,2.9,-2,-0.3,-2.3,83.6,0,9.5,0,snow,0,0,10.4,5.8,223.7,1015.3,41.7,24.1,39.4,3.4,2,10,2023-12-02T07:54:29,2023-12-02T16:04:37,0.66,Partially cloudy,Partly cloudy throughout the day.,partly-cloudy-day,
Bristol,2023-12-03,6.2,0.8,3,6.2,-0.7,1.8,1.2,88.1,2.1,9.5,8.33,rain,0,0,16.2,9.4,191.2,1012.4,54.2,24.1,49,4.2,2,10,2023-12-03T07:55:51,2023-12-03T16:04:03,0.7,Partially cloudy,Partly cloudy throughout the day.,partly-cloudy-day,
Bristol,2023-12-04,3.4,-0.4,0.8,0.7,-2.9,-1.3,-1.4,85.6,0,14.3,0,,0,0,18,11.2,65.8,1018.1,34.2,24.1,48.3,3.9,2,10,2023-12-04T07:57:10,2023-12-04T16:03:33,0.73,Partially cloudy,Partly cloudy throughout the day.,partly-cloudy-day,
Bristol,2023-12-05,3.5,-0.8,1.3,3.5,-1.2,0.2,-2.3,77.3,0,23.8,0,,0,0,44.5,15.6,136.7,1022.1,54.5,24.1,46.1,3.9,2,10,2023-12-05T07:58:28,2023-12-05T16:03:05,0.75,Partially cloudy,Becoming cloudy in the afternoon.,partly-cloudy-day,
Bristol,2023-12-06,11.1,4.2,8,11.1,0,5.4,6.4,89.4,6.6,38.1,20.83,rain,0,0,74.3,38.5,176,1013.3,100,19.9,7.1,0.6,0,10,2023-12-06T07:59:43,2023-12-06T16:02:41,0.79,Overcast,Cloudy skies throughout the day.,cloudy,
Bristol,2023-12-07,11.2,8.1,9.5,11.2,4.9,7.4,7.2,85.4,7.2,38.1,20.83,rain,0,0,75.2,38.9,209.9,1007.8,87.5,23.4,36.6,3,1,10,2023-12-07T08:00:56,2023-12-07T16:02:20,0.82,Partially cloudy,Partly cloudy throughout the day.,partly-cloudy-day,
Bristol,2023-12-08,11.3,7.3,9.2,11.3,3.6,6.5,7,86.1,16.7,47.6,33.33,rain,0,0,66.6,36.4,228.7,996.5,69,20.7,38.5,3.3,2,10,2023-12-08T08:02:07,2023-12-08T16:02:03,0.86,"Rain, Partially cloudy",Partly cloudy throughout the day with rain clearing later.,rain,
Bristol,2023-12-09,12.5,8.1,9.5,12.5,4.6,6.6,7.6,88.1,7.6,33.3,33.33,rain,0,0,71,34.4,236.1,999.7,78.6,18.6,28.5,2.4,1,10,2023-12-09T08:03:15,2023-12-09T16:01:49,0.89,Partially cloudy,Partly cloudy throughout the day.,partly-cloudy-day,
Bristol,2023-12-10,13.3,7.8,10.4,13.3,3.1,8.6,6.8,78.4,6.4,42.9,33.33,rain,0,0,76.1,40.2,235.8,993.7,85.9,23.1,26.8,2.1,1,10,2023-12-10T08:04:21,2023-12-10T16:01:38,0.92,Partially cloudy,Partly cloudy throughout the day.,partly-cloudy-day,
Bristol,2023-12-11,10,7.8,9.3,6.5,2.9,5.4,5.6,77.8,1.2,52.4,20.83,rain,0,0,77.8,41.4,259,1003.3,89.2,24.1,17.8,1.5,1,10,2023-12-11T08:05:24,2023-12-11T16:01:30,0.95,"Rain, Partially cloudy",Partly cloudy throughout the day with a chance of rain.,rain,
Bristol,2023-12-12,11.6,8,10.7,11.6,4.9,10,8.9,88.9,1.8,47.6,25,rain,0,0,63,32.4,242.1,1021.6,97.7,23.2,2.8,0,0,10,2023-12-12T08:06:24,2023-12-12T16:01:26,0,"Rain, Overcast",Cloudy skies throughout the day with early morning rain.,rain,
Bristol,2023-12-13,12.4,9.9,11.2,12.4,6.8,11,7.4,77.4,0,47.6,0,rain,0,0,54,27,221.5,1024.5,98.9,24.1,28.4,2.4,1,10,2023-12-13T08:07:22,2023-12-13T16:01:26,0.02,"Rain, Overcast",Cloudy skies throughout the day with a chance of rain.,rain,
Watergate Bay,2023-11-29,8,4.9,6.1,7,2.3,4.9,4.4,88.6,2,100,20.83,rain,0,0,25.9,15.8,112.8,1004.3,91.7,18.4,19.1,1.6,1,10,2023-11-29T07:55:40,2023-11-29T16:20:47,0.57,"Rain, Overcast",Cloudy skies throughout the day with rain.,rain,"F3296,EGDR,EGHQ"
Watergate Bay,2023-11-30,5.2,1.9,3.4,1.5,-3.1,-1.2,-0.2,77.5,7.9,81,91.67,"rain,snow",0,0,45.7,27,64.9,1000.7,96.4,15.3,10.2,0.8,1,10,2023-11-30T07:57:04,2023-11-30T16:20:07,0.6,"Snow, Rain, Overcast",Cloudy skies throughout the day with a chance of rain or snow throughout the day.,rain,
Watergate Bay,2023-12-01,4.3,1,2.1,1.8,-3.3,-0.6,-1.2,79.1,0,42.9,0,rain,0,0,32.4,19.4,47,1008.7,16.2,24.1,56.9,5,3,10,2023-12-01T07:58:27,2023-12-01T16:19:30,0.63,Clear,Clear conditions throughout the day.,clear-day,
Watergate Bay,2023-12-02,5.9,0.6,2.9,4.1,-1.1,1.4,-0.5,78.4,0.2,57.1,8.33,rain,0,0,24.2,14.4,157.7,1015.1,46.7,19.3,19.3,1.7,2,10,2023-12-02T07:59:47,2023-12-02T16:18:55,0.66,"Rain, Partially cloudy",Partly cloudy throughout the day with late afternoon rain.,rain,
Watergate Bay,2023-12-03,9,5.1,7,8.4,1.5,5,3.9,81.1,1.5,57.1,16.67,rain,0,0,28.1,16.9,213.7,1012.3,92.4,23.7,52.5,4.5,3,10,2023-12-03T08:01:06,2023-12-03T16:18:24,0.7,"Rain, Overcast",Cloudy skies throughout the day with a chance of rain.,rain,
Watergate Bay,2023-12-04,6.8,4.9,5.6,2.8,0.8,1.6,2.6,81.4,0,38.1,0,,0,,42.5,27,95.6,1015.5,99.4,24.1,37.6,3.3,2,10,2023-12-04T08:02:23,2023-12-04T16:17:56,0.73,Overcast,Cloudy skies throughout the day.,cloudy,
Watergate Bay,2023-12-05,9.5,6,7.4,5.4,2.9,3.7,3.3,75.5,0.4,33.3,12.5,rain,0,,56.2,38.6,158.4,1019.9,81.6,23.5,35.9,2.7,2,10,2023-12-05T08:03:38,2023-12-05T16:17:31,0.75,Partially cloudy,Partly cloudy throughout the day.,partly-cloudy-day,
Watergate Bay,2023-12-06,12.9,10,12.1,12.9,6,11.9,10.2,88.1,8.9,38.1,25,rain,0,,87.8,58,188.2,1010,100,18.7,26.9,2.3,1,10,2023-12-06T08:04:51,2023-12-06T16:17:10,0.79,Overcast,Cloudy skies throughout the day.,wind,
Watergate Bay,2023-12-07,11.9,10.7,11.3,11.9,10.7,11.3,8.2,81.4,3,52.4,25,rain,0,,79.2,52.2,215.3,1007.3,83.3,23.4,41.1,3.3,2,10,2023-12-07T08:06:02,2023-12-07T16:16:51,0.82,"Rain, Partially cloudy",Partly cloudy throughout the day with a chance of rain.,rain,
Watergate Bay,2023-12-08,11.9,10.1,10.7,11.9,10.1,10.7,7.7,81.5,15,52.4,33.33,rain,0,,81.7,52.6,243.9,997.8,33.4,19.7,46.5,4.1,2,10,2023-12-08T08:07:10,2023-12-08T16:16:35,0.86,"Rain, Partially cloudy",Partly cloudy throughout the day with a chance of rain.,rain,
Watergate Bay,2023-12-09,13.3,10.3,11.4,13.3,10.3,11.4,9.3,86.9,9.1,52.4,33.33,rain,0,,82.8,53.3,240.4,1001.3,91.4,20,27.3,2.4,1,10,2023-12-09T08:08:16,2023-12-09T16:16:23,0.89,"Rain, Overcast",Cloudy skies throughout the day with a chance of rain.,rain,
Watergate Bay,2023-12-10,13.3,9.8,11.4,13.3,4.9,10.6,7.8,78.5,2.6,52.4,29.17,rain,0,,81,57.5,241.5,996.5,81.2,24.1,30,2.4,1,10,2023-12-10T08:09:20,2023-12-10T16:16:14,0.92,"Rain, Partially cloudy",Partly cloudy throughout the day with early morning rain.,rain,
Watergate Bay,2023-12-11,11.2,9.8,10.6,11.2,4.8,9.8,7.5,81.2,2.8,57.1,20.83,rain,0,,77,58,271.5,1008.5,47.2,22.7,43.5,4.1,2,10,2023-12-11T08:10:22,2023-12-11T16:16:08,0.95,"Rain, Partially cloudy",Partly cloudy throughout the day with afternoon rain.,rain,
Watergate Bay,2023-12-12,12.4,10.6,11.7,12.4,10.6,11.7,9.8,88,0.7,71.4,20.83,rain,0,,67,47.2,240.4,1024.3,97.8,24.1,5.6,0.3,0,10,2023-12-12T08:11:21,2023-12-12T16:16:06,0,"Rain, Overcast",Cloudy skies throughout the day with a chance of rain.,rain,
Watergate Bay,2023-12-13,12.6,11.5,12.3,12.6,11.5,12.3,8.5,77.6,0.5,71.4,16.67,rain,0,,60.8,40.8,217.1,1025.5,100,24.1,16.3,1.2,1,10,2023-12-13T08:12:17,2023-12-13T16:16:07,0.02,"Rain, Overcast",Cloudy skies throughout the day with a chance of rain.,rain,
Lake District, England, United Kingdom,2023-11-29,2.6,-0.9,0.6,-0.1,-4.3,-2.4,-0.5,92.3,0,0,0,,0,0,29.9,18.8,293.3,1004.5,46,17.3,34.1,2.9,2,10,2023-11-29T07:39:18,2023-11-29T15:47:07,0.57,Partially cloudy,Partly cloudy throughout the day.,partly-cloudy-day,"EGUW,AU022,EGSH,EGUL"
Lake District, England, United Kingdom,2023-11-30,4.2,-1.7,0.6,1.4,-4.6,-2.1,-0.8,90.4,0,14.3,0,snow,0,0,20.2,11.9,357.6,1004,38.2,24.1,47.3,4.1,2,10,2023-11-30T07:40:47,2023-11-30T15:46:21,0.6,Partially cloudy,Partly cloudy throughout the day.,partly-cloudy-day,
Lake District, England, United Kingdom,2023-12-01,4.2,-0.3,1.1,1.2,-3.7,-2,-1,86.2,0,42.9,0,rain,0,0,25.9,13.7,350.4,1005.8,18.2,24,44.7,3.9,2,10,2023-12-01T07:42:16,2023-12-01T15:45:38,0.63,Clear,Clear conditions throughout the day.,clear-day,
Lake District, England, United Kingdom,2023-12-02,3.5,-1,0.6,-0.4,-4.3,-3,-0.8,90.2,0,42.9,0,,0,0,29.5,16.9,301.4,1012.8,40.6,24.1,42.7,3.7,2,10,2023-12-02T07:43:42,2023-12-02T15:44:58,0.66,Partially cloudy,Partly cloudy throughout the day.,partly-cloudy-day,
Lake District, England, United Kingdom,2023-12-03,4.2,-1.1,0.9,1.1,-3.4,-1.7,-0.9,88,2.3,14.3,12.5,rain,0,0,21.6,12.6,212,1013.3,47.7,24.1,44.1,3.8,2,10,2023-12-03T07:45:06,2023-12-03T15:44:22,0.7,Partially cloudy,Partly cloudy throughout the day.,partly-cloudy-day,
Lake District, England, United Kingdom,2023-12-04,3.3,-0.3,1.1,0.7,-3.2,-1.7,-0.9,86.5,0,19,0,,0,0,14.4,10.8,302,1018,29.8,24.1,44.4,4.2,2,10,2023-12-04T07:46:28,2023-12-04T15:43:49,0.73,Partially cloudy,Partly cloudy throughout the day.,partly-cloudy-day,
Lake District, England, United Kingdom,2023-12-05,3.1,0.3,1.5,0.8,-3.2,-1.2,-0.8,84.6,0,19,0,,0,0,25.1,11.8,258.7,1022.7,65.8,24.1,40.4,3.8,2,10,2023-12-05T07:47:48,2023-12-05T15:43:19,0.75,Partially cloudy,Clearing in the afternoon.,partly-cloudy-day,
Lake District, England, United Kingdom,2023-12-06,6.1,0.8,3.9,1,-2.9,-0.9,0.4,77.9,2,19,8.33,rain,0,0,73.9,36.4,184.1,1018.5,99.8,24.1,4.4,0.6,0,10,2023-12-06T07:49:05,2023-12-06T15:42:52,0.79,Overcast,Cloudy skies throughout the day.,cloudy,
Lake District, England, United Kingdom,2023-12-07,9.8,6.3,7.9,6.6,1.2,4,5.9,87,4.7,23.8,16.67,rain,0,0,77.8,40,199.1,1009.8,85.8,22.6,37.1,3,2,10,2023-12-07T07:50:20,2023-12-07T15:42:29,0.82,Partially cloudy,Partly cloudy throughout the day.,partly-cloudy-day,
Lake District, England, United Kingdom,2023-12-08,11.6,6.6,9.5,11.6,2.7,8,7.1,84.9,5.2,38.1,16.67,rain,0,0,78.5,41.8,209.1,997.3,80.6,22.1,12.6,1.2,0,10,2023-12-08T07:51:33,2023-12-08T15:42:10,0.86,Partially cloudy,Partly cloudy throughout the day.,partly-cloudy-day,
Lake District, England, United Kingdom,2023-12-09,9.2,6.3,7.9,5.4,2.1,4.1,5.6,85.8,0.9,38.1,4.17,rain,0,0,70.1,37.1,220.6,999.4,73.5,21.8,21.3,1.8,1,10,2023-12-09T07:52:43,2023-12-09T15:41:54,0.89,Partially cloudy,Partly cloudy throughout the day.,partly-cloudy-day,
Lake District, England, United Kingdom,2023-12-10,13.4,7.7,10.9,13.4,2.8,9.4,7,77.2,7.1,38.1,16.67,rain,0,0,77.2,41.8,229.1,991.8,85.6,22.7,26.3,2.1,1,10,2023-12-10T07:53:51,2023-12-10T15:41:41,0.92,Partially cloudy,Partly cloudy throughout the day.,partly-cloudy-day,
Lake District, England, United Kingdom,2023-12-11,10.1,7.4,9,10.1,2.1,5,4.6,73.9,0.2,57.1,8.33,rain,0,0,82.4,45.7,247.6,998.5,71.3,24.1,10,0.6,0,10,2023-12-11T07:54:56,2023-12-11T15:41:32,0.95,"Rain, Partially cloudy",Partly cloudy throughout the day with a chance of rain.,rain,
Lake District, England, United Kingdom,2023-12-12,11.3,7.7,9.9,11.3,3.5,8.1,7.4,84.1,1.5,57.1,16.67,rain,0,0,70.6,38.5,243,1018.9,94.8,23.6,7.3,0.6,0,10,2023-12-12T07:55:58,2023-12-12T15:41:26,0,"Rain, Overcast",Cloudy skies throughout the day with a chance of rain.,rain,
Lake District, England, United Kingdom,2023-12-13,12,10.2,11.2,12,10.2,11.2,7.8,79.6,0.3,57.1,8.33,rain,0,0,61.6,31.7,230,1023.6,99.6,24.1,29.5,2.7,1,10,2023-12-13T07:56:57,2023-12-13T15:41:24,0.02,"Rain, Overcast",Cloudy skies throughout the day with a chance of rain.,rain,
